{"success": true, "score": 62.14666666666666, "scoreJson": {"score": 62.14666666666666, "mean_recall": 62.14666666666666, "r1": 40.36, "r5": 68.32000000000001, "r10": 77.75999999999999}}